Track name, Artist name, Album, Playlist name, Type, ISRC
Hymn for the Weekend - Seeb Remix,Coldplay,PUSH!! EDM 2017,Favorite Songs,Favorite,GBAYE1600763
I Got You - Party Pupils Remix,Bebe Rexha,PUSH!! EDM 2017,Favorite Songs,Favorite,USWB11700347
DALE,ricky retro,DALE,Favorite Songs,Favorite,USLD91721312
Loco Contigo,DJ Snake,Carte Blanche,Favorite Songs,Favorite,USUG11901580
Roadrunner,Leandro Da Silva,Roadrunner,Favorite Songs,Favorite,NLZ541900087
"Água, Sombra, Só!",Chris Leão,"Água, Sombra, Só!",Favorite Songs,Favorite,BXHGS1700011
Para pra Pensar,Klamboo,Para pra Pensar,Favorite Songs,Favorite,US7VG1708802
Bel-Air,Chris Leão,Bel-Air,Favorite Songs,Favorite,BXHGS1700022
Easy,Darwin x Mainecoon,Easy,Favorite Songs,Favorite,GBSMU7400264
Que País É Esse,Geminix,Que País É Esse,Favorite Songs,Favorite,US7VG1810886
Menina,Klamboo,Menina,Favorite Songs,Favorite,US7VG1842274
Lion,Geminix,Lion,Favorite Songs,Favorite,BXHGS1700002
Leave U,Naes London,Leave U,Favorite Songs,Favorite,GBSMU7424452
Longer Days,Klamboo,Longer Days,Favorite Songs,Favorite,BXHGS1700010
Eu Vou Te Esperar,Klamboo,Eu Vou Te Esperar,Favorite Songs,Favorite,BRRGE1801403
Wicked Game,Geminix,Wicked Game,Favorite Songs,Favorite,US7VG1882396
Liftoff,Discoholic,"Montaime, Vol. 2",Favorite Songs,Favorite,QM42K1842356
I Wanna Dance with Somebody (Who Loves Me),Whitney Houston,Whitney,Favorite Songs,Favorite,USAR18700121
Deep In My Soul,Rob & Jack,Deep In My Soul,Favorite Songs,Favorite,GBKCF1900816
Play,Betta Lemme,ULTRA MUSIC FESTIVAL JAPAN 2019,Favorite Songs,Favorite,USUS11900129
Night Fever - 2009 Remastered Version,Bee Gees,The Ultimate Bee Gees,Favorite Songs,Favorite,USRH10903932
Funky Town,Lipps Inc.,Paradas Continuas,Favorite Songs,Favorite,MX1900900138
We Are Family,Sister Sledge,We Are Family / Easier To Love [Digital 45],Favorite Songs,Favorite,USAT20804258
Celebration - Single Version,Kool & The Gang,Totally '80s For Kids,Favorite Songs,Favorite,USPR38007166
death bed (coffee for your head) (feat. beabadoobee),Powfu,death bed (coffee for your head) (feat. beabadoobee),Favorite Songs,Favorite,USSM12000925
Lazy,Surfaces,Lazy,Favorite Songs,Favorite,QZJ841900240
Problems,DeathbyRomy,Problems,Favorite Songs,Favorite,USUM71918675
Falling,Trevor Daniel,Falling,Favorite Songs,Favorite,USUYG1221109
Liar,Camila Cabello,Liar,Favorite Songs,Favorite,USSM11905818
Say So,Ryan Blyth,Say So,Favorite Songs,Favorite,NLZ541902038
We Like To Party,RetroVision,We Like To Party,Favorite Songs,Favorite,CYA111900126
Movement,Jordan Jay,Movement,Favorite Songs,Favorite,NL1ZN1900128
Next Level,Julian Jordan,Next Level,Favorite Songs,Favorite,NLM5S1900702
UNTOUCHABLE,KALLITECHNIS,UNTOUCHABLE,Favorite Songs,Favorite,QM24S2000434
Let Go,DAZZ,Let Go,Favorite Songs,Favorite,NLT2H1900166
Dancing On The Ceiling,Lionel Richie,Hen Party Hits,Favorite Songs,Favorite,USMO19290010
Wannabe,Spice Girls,Hen Party Hits,Favorite Songs,Favorite,GBAAA9600008
Kickstart My Heart,Mötley Crüe,Dr. Feelgood,Favorite Songs,Favorite,USBY29900215
Absolutely Anything (feat. Or3o) - 2020 Edit,CG5,Absolutely Anything (feat. Or3o) [2020 Edit],Favorite Songs,Favorite,NLZ541901968
It Goes Like,Afrojack,It Goes Like,Favorite Songs,Favorite,CYA221900095
Can You Hear Me? (feat. T-Pain),Omarion,Can You Hear Me? (feat. T-Pain),Favorite Songs,Favorite,ZZOPM2002077
Easy - Remix,DaniLeigh,Easy (Remix),Favorite Songs,Favorite,USUM71907371
P*$$Y Fairy (OTW),Jhené Aiko,P*$$Y Fairy (OTW),Favorite Songs,Favorite,USUM72000367
Happiness Over Everything (H.O.E.) (feat. Future & Miguel),Jhené Aiko,Happiness Over Everything (H.O.E.),Favorite Songs,Favorite,USUM71923029
Bad Guy (Remix),Workout Music ,100 New Year 2020! Fitness & Workout Collection,Favorite Songs,Favorite,AUV401916719
Worry About Me (feat. blackbear),Ellie Goulding,Worry About Me (feat. blackbear),Favorite Songs,Favorite,GBUM71905736
1-800-273-8255,Logic,Everybody,Favorite Songs,Favorite,USUM71702778
Don't Be Afraid To Be Different (feat. Will Smith),Logic,Confessions of a Dangerous Mind,Favorite Songs,Favorite,USUM71911584
Back To Sleep REMIX (feat. Usher & ZAYN),Chris Brown,Back To Sleep REMIX (feat. Usher & ZAYN),Favorite Songs,Favorite,USRC11600370
Let Me,ZAYN,Let Me,Favorite Songs,Favorite,USRC11800871
Ready,Alessia Cara,Ready,Favorite Songs,Favorite,USUM71913854
BO$$,Fifth Harmony,Reflection (Japan Deluxe Edition),Favorite Songs,Favorite,USSM11404393
All In My Head (Flex) (feat. Fetty Wap),Fifth Harmony,7/27 (Deluxe),Favorite Songs,Favorite,USSM11601121
All Day Long,Chance the Rapper,The Big Day,Favorite Songs,Favorite,GBMA21863192
No Problem (feat. Lil Wayne & 2 Chainz),Chance the Rapper,Coloring Book,Favorite Songs,Favorite,TCACO1667423
Booty,Jennifer Lopez,Strip Club Vibes,Favorite Songs,Favorite,USUM71406426
Dance (A$$),Big Sean,Strip Club Vibes,Favorite Songs,Favorite,USUM71108647
Tambourine,Eve,Strip Club Vibes,Favorite Songs,Favorite,USUM70730737
Let's Get Loud,Jennifer Lopez,On The 6,Favorite Songs,Favorite,USSM19900597
Get Right,Jennifer Lopez,Rebirth,Favorite Songs,Favorite,USSM10414903
Want U Back,Cher Lloyd,Sticks & Stones,Favorite Songs,Favorite,GBHMU1100104
I Got You (Always and Forever),Chance the Rapper,The Big Day,Favorite Songs,Favorite,GBMA21863197
Bump N' Roll,Dannic,Bump N' Roll,Favorite Songs,Favorite,NLZ541901461
Found You,RetroVision,Get Up EP,Favorite Songs,Favorite,NLZ541800240
Girlz Wanna Have Fun,MATTN,Girlz Wanna Have Fun,Favorite Songs,Favorite,BEIW11900066
Fuego,DJ Snake,Carte Blanche,Favorite Songs,Favorite,USUG11902391
No Shame,5 Seconds of Summer,No Shame,Favorite Songs,Favorite,USUG12000281
Roses - Imanbek Remix,SAINt JHN,Roses (Imanbek Remix),Favorite Songs,Favorite,RUB421901499
Dance Monkey,Tones And I,Dance Monkey,Favorite Songs,Favorite,QZES71982312
RITMO (Bad Boys For Life),Black Eyed Peas,RITMO (Bad Boys For Life),Favorite Songs,Favorite,USSM11912430
La La La,Naughty Boy,Hotel Cabana (Deluxe Version),Favorite Songs,Favorite,GBAAA1300148
Low (feat. T-Pain),Flo Rida,Mail on Sunday,Favorite Songs,Favorite,USAT20705841
Hooray,BlocBoy JB,I Am Me,Favorite Songs,Favorite,USUG11901672
Hip Hop Hooray,Naughty By Nature,19 Naughty III,Favorite Songs,Favorite,USTB10250031
Who's Real,Jadakiss,The Last Kiss,Favorite Songs,Favorite,USUM70957649
O.P.P. (Re-Recorded),Naughty By Nature,Anthem Inc.,Favorite Songs,Favorite,USKO11101184
Young & Alive,Recover.,Young & Alive,Favorite Songs,Favorite,QZFZ62099170
"Pops, We Love You - 12"" Disco Mix Single Version",Diana Ross,Remixes,Favorite Songs,Favorite,USMO10500398
"Part-Time Lover - 12"" Version",Stevie Wonder,Remixes,Favorite Songs,Favorite,USMO10500393
Piece Of Your Heart,MEDUZA,Piece Of Your Heart,Favorite Songs,Favorite,DEUM71807719
Piece Of Your Heart - Alok Remix,MEDUZA,Piece Of Your Heart (Alok Remix),Favorite Songs,Favorite,DEUM71902068
Piece Of Your Heart - James Hype Remix,MEDUZA,Piece Of Your Heart (The Remixes),Favorite Songs,Favorite,DEUM71901802
"Season Ticket Holder (feat. D. Wade, Raphael Saadiq & UD)",Rick Ross,"Season Ticket Holder (feat. D. Wade, Raphael Saadiq & UD)",Favorite Songs,Favorite,USSM12000880
天使みたい,SHISHAMO,SHISHAMO 6,Favorite Songs,Favorite,JPPO01904599
"Love Me Like You Do - From ""Fifty Shades Of Grey""",Ellie Goulding,Delirium (Deluxe),Favorite Songs,Favorite,GBUM71406823
Antidote - Extended,Swedish House Mafia,Until Now,Favorite Songs,Favorite,GBAAA1100771
Someone Like You - Extended Mix,Mirko Di Florio,Long Time / Someone Like You,Favorite Songs,Favorite,NLF711903124
Renegade Mastah,HI-LO,Renegade Mastah,Favorite Songs,Favorite,NLZ541500134
香水,瑛人,香水,Favorite Songs,Favorite,TCJPI1992829
Stuck with U (with Justin Bieber),Ariana Grande,Stuck with U,Favorite Songs,Favorite,USUM72009644
We'll be fine,ReN,We'll be fine,Favorite Songs,Favorite,JPWP02000336
Savage Love (Laxed - Siren Beat),Jawsh 685,Savage Love (Laxed - Siren Beat),Favorite Songs,Favorite,USSM12003798
GOOBA,6ix9ine,GOOBA,Favorite Songs,Favorite,QZA742002191
Looking for Me,Paul Woolford,Looking for Me,Favorite Songs,Favorite,USZ4V2000222
Hold You Tight,Diplo,Higher Ground,Favorite Songs,Favorite,USZ4V1900093
changes,XXXTENTACION,?,Favorite Songs,Favorite,USUG11800211
Thong Song - Artful Dodger Remix,Sisqo,Unleash The Dragon,Favorite Songs,Favorite,USDJ20010142
Where Is The Love?,Black Eyed Peas,Elephunk,Favorite Songs,Favorite,USIR10311862
Womanizer,Britney Spears,Circus (Deluxe Version),Favorite Songs,Favorite,USJI10800838
Spinnin' Sessions Miami 2020,Various Artists,Spinnin' Sessions Miami 2020,Favorite Albums,Album,
MGMT,,,Favorite Artists,Artist,
Geminix,,,Favorite Artists,Artist,
Hugo Doche,,,Favorite Artists,Artist,
WeDamnz,,,Favorite Artists,Artist,
Giovi,,,Favorite Artists,Artist,
Crunkz,,,Favorite Artists,Artist,
PRINSH,,,Favorite Artists,Artist,
Kivrak,,,Favorite Artists,Artist,
DAZZ,,,Favorite Artists,Artist,
Klamboo,,,Favorite Artists,Artist,
WILL K,,,Favorite Artists,Artist,
I Found You (with Calvin Harris),benny blanco,I Found You (with Calvin Harris),NewPlaylist,Playlist track,USUM71817583
I Found You (with Calvin Harris),benny blanco,FRIENDS KEEP SECRETS,NewPlaylist,Playlist track,USUM71817583
Sweaty Hands - Need Money for Drinks Remix,twoloud,Sweaty Hands (The Remixes),NewPlaylist,Playlist track,DEWM92000087
On Fire,Modjo,Modjo (Remastered),NewPlaylist,Playlist track,FR9W10100542
Que Calor (feat. J Balvin & El Alfa),Major Lazer,Que Calor (feat. J Balvin & El Alfa),NewPlaylist,Playlist track,QMUY41800271
Escape,Dante Klein,Escape,NewPlaylist,Playlist track,NLZ541900159
Happy Now - Crystal Rock & Marc Kiss Remix,CARSTN,Happy Now (Crystal Rock & Marc Kiss Remix),NewPlaylist,Playlist track,DEXW62000019
Someday,Nerds At Raves,Someday,NewPlaylist,Playlist track,GBSMU7639542
Do Bad Well (feat. Nevve),KSHMR,Do Bad Well (feat. Nevve),NewPlaylist,Playlist track,NLZ541901556
Summer Of Love,Kovan,Summer Of Love,NewPlaylist,Playlist track,GB-SMU-40-51095
Play - Loris Cimino Remix,Betta Lemme,Play (Loris Cimino Remix),NewPlaylist,Playlist track,USUS11900185
All The Time,Marc Benjamin,All The Time,NewPlaylist,Playlist track,NLZ541901886
Mine Beach,RAIDH,Mine Beach,NewPlaylist,Playlist track,NLQ8D2000174
Don't You Worry Child,Swedish House Mafia,Until Now,NewPlaylist,Playlist track,GBAAA1200643
On My Way,Axwell /\ Ingrosso,More Than You Know,NewPlaylist,Playlist track,USUG11500277
Fahrenheit (Axero Remix),XY&O,Fahrenheit (Axero Remix),NewPlaylist,Playlist track,GB-SMU-26-47765
Rescue Me,Dastic,Rescue Me,NewPlaylist,Playlist track,GBKQU2050591
Sweet but Psycho - Morgan Page Dance Remix,Ava Max,Sweet but Psycho (Remixes),NewPlaylist,Playlist track,USAT21812276
Don't Look Down (feat. Usher),Martin Garrix,Don't Look Down (feat. Usher),NewPlaylist,Playlist track,NLZ541500175
Something New,Axwell /\ Ingrosso,More Than You Know,NewPlaylist,Playlist track,USUG11401855
Like It Is,Kygo,Like It Is,test,Playlist track,SEBGA2000135
Like It Is,Kygo,Golden Hour,test,Playlist track,SEBGA2000135
I Love Your Smile,LittleKings,I Love Your Smile,test,Playlist track,NLSB71600016
Little Bit Of Love,JP Cooper,Little Bit Of Love,test,Playlist track,GBUM72001391
Sorry,Justin Bieber,Workout Pop Hits,test,Playlist track,USUM71516760
Sorry,Justin Bieber,Family Dance Party,test,Playlist track,USUM71516760
RECOVER,X Ambassadors,ORION,test,Playlist track,USUM71906700
See You Again,Skiins,See You Again,test,Playlist track,QZFYZ2095933
Sledgehammer,Fifth Harmony,Reflection (Deluxe),test,Playlist track,USSM11406643
Paris,The Chainsmokers,Memories...Do Not Open,test,Playlist track,USQX91603031
Hallelujah,Brother Leo,Hallelujah,test,Playlist track,GBARL1901300
Paris,The Chainsmokers,Paris,test,Playlist track,USQX91603031
Let Me Love You,DJ Snake,Encore,test,Playlist track,QMZSY1600015
Can't Take Back,Naes London,Can't Take Back,test,Playlist track,QZHN42085860
Beautiful,Viva La Panda,Beautiful,test,Playlist track,NLT2H2000010
Little Bit Of Love - Indian Summer Remix,JP Cooper,Little Bit Of Love,test,Playlist track,GBUM72002059
Roses (feat. ROZES),The Chainsmokers,Roses (feat. ROZES),test,Playlist track,USQX91500801
Out My Mind,INIMINI,Out My Mind,test,Playlist track,QZHN72068260
Never Really Over,Katy Perry,Never Really Over,test,Playlist track,USUM71901873
I Don't Fuck With You,Big Sean,Dark Sky Paradise,test,Playlist track,USUM71414033
Street Prayer,Tony Monero,The Beat Flavor,Step Out に似た曲,Playlist track,BEN621200107
Playing Games - Re Dupre Disturbed Remix,Caiwo,25,Step Out に似た曲,Playlist track,GBLYM0605010
Perron - Original Mix,Marc Marzenit,Toolroom Amsterdam 2014,Step Out に似た曲,Playlist track,GRKM11400234
One Soft Touch (To Kill Me) - Original Mix,Thomas Courribet,One Soft Touch,Step Out に似た曲,Playlist track,US83Z1658741
Back Again,Loquace,Back Again,Step Out に似た曲,Playlist track,FR6V81679547
Jack,Jonatas C,Los De La [N],Step Out に似た曲,Playlist track,USLZJ1756506
Teenager 2K15,Jonny Calypso,Teenager 2K15,Step Out に似た曲,Playlist track,DEAR41522825
Traction,Christian Smith,Stranger Than Paradise,Step Out に似た曲,Playlist track,GRKM11400334
Jinx - Original Mix,Mr. Terrible,Genuine Kiwi Confiture Vol. 3,Step Out に似た曲,Playlist track,GBKQU1427921
Good Stuff Piano,Syap,Good Stuff,Step Out に似た曲,Playlist track,USCEI1141201
FLASHBACK,Chris Drifter,THE BEST OF EP RELEASES 2014,Step Out に似た曲,Playlist track,US83Z1507717
Doors - Original Mix,Dosem,Doors EP,Step Out に似た曲,Playlist track,ES84B1510376
Sorry,Justin Bieber,Purpose (Deluxe),マイ Shazam トラック,Playlist track,USUM71516760
I Like It,Cardi B,Invasion of Privacy,マイ Shazam トラック,Playlist track,USAT21801431
Vivir Mi Vida - Versión Pop,Marc Anthony,3.0,マイ Shazam トラック,Playlist track,USSD11300181
California Gurls,Katy Perry,Teenage Dream: The Complete Confection,マイ Shazam トラック,Playlist track,USCA21001135
Congratulations.,Zairis Téjion,[Space.Jungle] 2,マイ Shazam トラック,Playlist track,QZBRF1831093
Crazy,Gnarls Barkley,St. Elsewhere,マイ Shazam トラック,Playlist track,GBAHT0600202
ZEZE (feat. Travis Scott & Offset),Kodak Black,ZEZE (feat. Travis Scott & Offset),マイ Shazam トラック,Playlist track,USAT21811523
I Know You Got Soul,Eric B. & Rakim,Paid In Full,マイ Shazam トラック,Playlist track,USIR28700018
Alien,Sabrina Carpenter,Alien,マイ Shazam トラック,Playlist track,USHR11838415
"Hey Mama (feat. Nicki Minaj, Bebe Rexha & Afrojack)",David Guetta,Listen,マイ Shazam トラック,Playlist track,GB28K1400058
Play That Funky Music,Wild Cherry,Wild Cherry,マイ Shazam トラック,Playlist track,USSM19912699
Boy With Luv (feat. Halsey),BTS,MAP OF THE SOUL : PERSONA,マイ Shazam トラック,Playlist track,QM6MZ1917908
It Takes Two,Rob Base & DJ EZ Rock,It Takes Two,マイ Shazam トラック,Playlist track,USAR19800570
Heat (feat. Gunna),Chris Brown,Heat (feat. Gunna),マイ Shazam トラック,Playlist track,USRC11901581
Dura,Daddy Yankee,Dura,マイ Shazam トラック,Playlist track,US2BU1700200
The Drop,Gammer,Monstercat: Best of 2017,マイ Shazam トラック,Playlist track,CA6D21700300
Iesha,Another Bad Creation,Coolin' at the Playground Ya Know!,マイ Shazam トラック,Playlist track,USTC90918702
"break up with your girlfriend, i'm bored",Ariana Grande,"thank u, next",マイ Shazam トラック,Playlist track,USUM71900409
Black and Yellow,Wiz Khalifa,Rolling Papers,マイ Shazam トラック,Playlist track,USAT21001800
The Next Episode,Dr. Dre,2001,マイ Shazam トラック,Playlist track,USIR19915078
Eye of the Tiger,Survivor,Eye Of The Tiger,マイ Shazam トラック,Playlist track,USVR19300001
"Watch Out For This (Bumaye) (feat. Busy Signal, The Flexican & FS Green)",Major Lazer,Reggae Gold 2014,マイ Shazam トラック,Playlist track,US38W1329217
How Long Will I Love You,Jon Boden,About Time,マイ Shazam トラック,Playlist track,USQ4E1300766
Technologic - Radio Edit [Radio Edit],Daft Punk,"Musique, Vol. 1",マイ Shazam トラック,Playlist track,GBDUW0500005
South of the Border (feat. Camila Cabello & Cardi B) - Cheat Codes Remix,Ed Sheeran,South of the Border (feat. Camila Cabello & Cardi B) [Cheat Codes Remix],マイ Shazam トラック,Playlist track,GBAHS1901180
Forever,NLE Choppa,Forever,マイ Shazam トラック,Playlist track,USWB11902876
The Spook Returns,KSHMR,The Spook Returns,マイ Shazam トラック,Playlist track,NLZ541601226
Chicken Soup,Skrillex,HOWSLA,マイ Shazam トラック,Playlist track,USAT21701093
TiK ToK,Kesha,Animal (Expanded Edition),マイ Shazam トラック,Playlist track,USRC10900433
More Mess On My Thing,The Poets Of Rhythm,The World of Daptone Records,Funk/hip hop,Playlist track,USA370651112
Got to Get Back to My Baby,The Sugarman 3,Daptone Gold II,Funk/hip hop,Playlist track,US4GZ1503615
I Learned the Hard Way,Sharon Jones & The Dap-Kings,Daptone Gold II,Funk/hip hop,Playlist track,US4GZ1503614
Retreat!,Sharon Jones & The Dap-Kings,Daptone Gold II,Funk/hip hop,Playlist track,US4GZ1503610
Unexplained,Gravediggaz,"The Pick, the Sickle and the Shovel",Funk/hip hop,Playlist track,USGS29700040
Turn It Up,Busta Rhymes,When Disaster Strikes...,Funk/hip hop,Playlist track,USEE10900567
4th Chamber,GZA,Liquid Swords,Funk/hip hop,Playlist track,USGF19581313
I'll Be There For You/You're All I Need To Get By - Puff Daddy Mix,Method Man,Def Jam 25: Volume 3 - It Takes Two PT 1 (Explicit Version),Funk/hip hop,Playlist track,USDJ29500033
Chief Rocka,Lords Of The Underground,Here Come The Lords,Funk/hip hop,Playlist track,USCA29401347
Shadowboxin',GZA,Liquid Swords,Funk/hip hop,Playlist track,USGF19581314
Similak Child,Black Sheep,A Wolf In Sheep's Clothing,Funk/hip hop,Playlist track,USWWW0128435
Fire,Etta James,California Soul,Funk/hip hop,Playlist track,USMC16817209
In The Middle,James Brown,California Soul,Funk/hip hop,Playlist track,USWWW0135582
Blue Juice,Jimmy McGriff,California Soul,Funk/hip hop,Playlist track,USBN20200062
California Green (Digitally Remastered),Grant Green,California Soul,Funk/hip hop,Playlist track,USBN20400774
I Got You (I Feel Good),James Brown,California Soul,Funk/hip hop,Playlist track,USPR36809924
Tonight's Da Night,Redman,Whut? The Album,Funk/hip hop,Playlist track,USRL19200038
Da Rockwilder,Method Man,Blackout!,Funk/hip hop,Playlist track,USDJ29905111
All I Need,Method Man,Tical,Funk/hip hop,Playlist track,USDJ29400063
Bring The Pain,Method Man,Tical,Funk/hip hop,Playlist track,USDJ29400062
It's Your Thing,The Isley Brothers,It's Our Thing,Funk/hip hop,Playlist track,USSM18400324
Low Rider,War,Why Can't We Be Friends?,Funk/hip hop,Playlist track,USRHD0610212
Give Up The Funk (Tear The Roof Off The Sucker),Parliament,Mothership Connection,Funk/hip hop,Playlist track,USPR37800052
We Got to Have Peace,Curtis Mayfield,Roots,Funk/hip hop,Playlist track,USRH10295642
Just Like a Baby,Sly & The Family Stone,There's A Riot Goin' On,Funk/hip hop,Playlist track,USSM17100396
M'Lady,Sly & The Family Stone,Greatest Hits,Funk/hip hop,Playlist track,USSM19901655
Fun,Sly & The Family Stone,Greatest Hits,Funk/hip hop,Playlist track,USSM19901650
If You Want Me to Stay,Sly & The Family Stone,Fresh,Funk/hip hop,Playlist track,USSM10011921
Sometimes I Rhyme Slow,Nice & Smooth,Ain't A Damn Thing Changed,Funk/hip hop,Playlist track,USDJ29100017
Take It Easy,Mad Lion,Nervous Hip Hop,Funk/hip hop,Playlist track,USNRS0823021
Step into a World (Rapture's Delight),KRS-One,The Essential Boogie Down Productions / KRS-One,Funk/hip hop,Playlist track,USJI19710033
The Message (feat. Melle Mel & Duke Bootee),Grandmaster Flash & The Furious Five,The Message,Funk/hip hop,Playlist track,USRH10404916
Hard to Handle,King Floyd,Wanted Soul: From Diggers to Music Lovers,Funk/hip hop,Playlist track,USWR50428160
Get Up Off Your Butt,Darondo,Listen To My Song: The Music City Sessions,Funk/hip hop,Playlist track,GBBHN1100092
It Ain't Hard to Tell,Nas,Illmatic XX,Funk/hip hop,Playlist track,USSM10022813
Memory Lane (Sittin' in da Park),Nas,Illmatic XX,Funk/hip hop,Playlist track,USSM10020293
Halftime,Nas,Illmatic XX,Funk/hip hop,Playlist track,USSM10025029
Podina,MF DOOM,"Metal Fingers Presents: Special Herbs, The Box Set Vol. 0 - 9",Funk/hip hop,Playlist track,USHKR0912025
White Willow Bark,MF DOOM,"Metal Fingers Presents: Special Herbs, The Box Set Vol. 0 - 9",Funk/hip hop,Playlist track,USHKR0912013
Agrimony,MF DOOM,"Metal Fingers Presents: Special Herbs, The Box Set Vol. 0 - 9",Funk/hip hop,Playlist track,USHKR0912002
Arrow Root,MF DOOM,"Metal Fingers Presents: Special Herbs, The Box Set Vol. 0 - 9",Funk/hip hop,Playlist track,USHKR0912006
Guinnesses feat. Angelika & 4ize,MF DOOM,MM...FOOD,Funk/hip hop,Playlist track,USBWK0700047
Rapp Snitch Knishes feat. Mr. Fantastik,MF DOOM,MM...FOOD,Funk/hip hop,Playlist track,USBWK0700049
One Beer,MF DOOM,MM...FOOD,Funk/hip hop,Playlist track,USBWK0700040
Budsmokers Only,Bone Thugs-N-Harmony,E. 1999 Eternal,Funk/hip hop,Playlist track,US23S9528107
Don't Sweat The Technique,Eric B. & Rakim,90s Hip Hop,Funk/hip hop,Playlist track,USMC19238047
They Reminisce Over You (T.R.O.Y.),Pete Rock,Classic Hip-Hop,Funk/hip hop,Playlist track,USCRP1101321
He Got Game,Public Enemy,He Got Game,Funk/hip hop,Playlist track,USDJ29800740
Shakiyla (JRH) - Vocal,Poor Righteous Teachers,Pure Poverty,Funk/hip hop,Playlist track,USAR10401172
Turn the Party Out,Biz Markie,"Superrappin - The Album, Vol. 2",Funk/hip hop,Playlist track,DEZ650502519
O.P.P,Naughty By Nature,Naughty By Nature,Funk/hip hop,Playlist track,USTB10250000
Hip Hop Hooray,Naughty By Nature,19 Naughty III,Funk/hip hop,Playlist track,USTB10250031
White Lines,Grandmaster Flash & The Furious Five,White Lines,Funk/hip hop,Playlist track,USRH18301959
Rapper's Delight - Long Version,The Sugarhill Gang,Rapper's Delight: The Best Of The Sugarhill Gang,Funk/hip hop,Playlist track,USRH10300072
See Delight,Hieroglyphics,3rd Eye Vision,Funk/hip hop,Playlist track,US28M0410233
Dune Methane,Hieroglyphics,3rd Eye Vision,Funk/hip hop,Playlist track,US28M0410226
All Things,Hieroglyphics,3rd Eye Vision,Funk/hip hop,Playlist track,US28M0410223
G Code,Geto Boys,The Foundation,Funk/hip hop,Playlist track,USZXT1013971
Damn It Feels Good to Be a Gangsta,Geto Boys,Uncut Dope,Funk/hip hop,Playlist track,USZXT1019293
Many Clouds Of Smoke,Total Devastation,The Stone Age,Funk/hip hop,Playlist track,USQY50920023
Runnin' - Instrumental,The Pharcyde,Labcabincalifornia (Deluxe Edition),Funk/hip hop,Playlist track,USDE10701235
Work,Gang Starr,Moment Of Truth,Funk/hip hop,Playlist track,USVI29800538
I'm Housin',EPMD,Strictly Business,Funk/hip hop,Playlist track,USPO18800011
Saffron,MF DOOM,"Metal Fingers Presents: Special Herbs, Vol. 1 & 2",Funk/hip hop,Playlist track,USHKR0910001
"Fat Cats, Bigga Fish",The Coup,Genocide & Juice,Funk/hip hop,Playlist track,USZXT0810185
93 'Til Infinity - LP Instrumental,Souls Of Mischief,93 'Til Infinity (The Remixes),Funk/hip hop,Playlist track,USJI11300013
Press Rewind,Del The Funky Homosapien,Both Sides Of The Brain,Funk/hip hop,Playlist track,US28M0410203
Catch a Bad One,Del The Funky Homosapien,No Need For Alarm,Funk/hip hop,Playlist track,USEE19300121
Canto De Ossanha,Jurassic 5,Feedback,Funk/hip hop,Playlist track,USUM70604512
Thank Youse,Del The Funky Homosapien,No Need For Alarm,Funk/hip hop,Playlist track,USEE19300133
Get Funky,The Beatnuts,Classic Nuts Vol. 1,Funk/hip hop,Playlist track,USLR59900901
Zambezi Pts. I & II,The Fun Company,Quantic Presents Worlds Rarest Funk 45s 2,Funk/hip hop,Playlist track,GBCTF0700044
Gimme Some,Darondo,Listen To My Song: The Music City Sessions,Funk/hip hop,Playlist track,GBBHN1100093
Papa Don't Take No Mess,James Brown,20 All-Time Greatest Hits!,Funk/hip hop,Playlist track,USPG19190040
Funky Walk Part 1 (East),Dyke & The Blazers,Dyke's Greatest Hits - The Complete Singles,Funk/hip hop,Playlist track,QMFMK1322005
Sissy Walk,Ann Robinson,You Did It,Funk/hip hop,Playlist track,QM6N21781664
Tea Thyme,Damu The Fudgemunk,"How It Should Sound, Vol. 1 & 2",Funk/hip hop,Playlist track,USA371052377
Underground Crown Holders,Aim,Drum Machines & VHS Dreams,Funk/hip hop,Playlist track,GBKNX0700061
The Panther (Boogaloo),Mulatu Astatke,Afro Latin Soul (Vols. 1 & 2),Funk/hip hop,Playlist track,DEG931801346
Chicago Falcon,The Budos Band,The Budos Band II,Funk/hip hop,Playlist track,US4GZ0701101
No Time For Dreaming,Charles Bradley,No Time For Dreaming,Funk/hip hop,Playlist track,US4GZ1002207
Stop Shammin',Big Daddy Kane,Looks Like A Job For...,Funk/hip hop,Playlist track,USRE11100349
All Caps,Madvillain,Madvillainy,Funk/hip hop,Playlist track,US2S70465020
Flute Loop,Beastie Boys,Ill Communication,Funk/hip hop,Playlist track,USCA29400085
All as Above so Below,Hieroglyphics,The Kitchen,Funk/hip hop,Playlist track,USV351355899
A Day At The Races,Jurassic 5,Power In Numbers,Funk/hip hop,Playlist track,USIR10211370
Oakland Blackouts,Hieroglyphics,3rd Eye Vision,Funk/hip hop,Playlist track,US28M0410231
Introduckling,Ugly Duckling,Journey To Anywhere,Funk/hip hop,Playlist track,USENR0105501
Time To Rock Our Shit,People Under The Stairs,The Next Step,Funk/hip hop,Playlist track,USOM80103310
I Changed My Mind - Stereo Mcs Rattlesnake Mix,Lyrics Born,Same !@#$ Different Day,Funk/hip hop,Playlist track,QM6N21448576
Crush Hour (feat. Pav Bundy),Masta Ace,MA_DOOM: Son of Yvonne,Funk/hip hop,Playlist track,US6881100224
Spread It On,TM Juke,Boto and the Second Liners,Funk/hip hop,Playlist track,GBEUE0801213
September 13,Deodato,Prelude (CTI Records 40th Anniversary Edition),Funk/hip hop,Playlist track,USSM10110663
Let The Funk Flow,EPMD,Strictly Business,Funk/hip hop,Playlist track,USPO18800012
Soon To Be Large,Charizma,Big Shots,Funk/hip hop,Playlist track,US2S70477014
Snake Eyes - 2017 Remastered Version,Main Source,Breaking Atoms (2017 Remastered Version),Funk/hip hop,Playlist track,USQY51769732
So Wat Cha Sayin',EPMD,Unfinished Business,Funk/hip hop,Playlist track,USPO18900001
Light on the Path,Brian Auger,"Back to the Beginning ...Again: The Brian Auger Anthology, Vol. 2",Funk/hip hop,Playlist track,GBJSH1621616
Funky Drummer,James Brown,Funky President...The Very Best Of James Brown Volume 2,Funk/hip hop,Playlist track,USF068600080
Machine Gun,Commodores,Machine Gun,Funk/hip hop,Playlist track,USMO17400285
Wrap It Up - LP / Single Version,Sam & Dave,The Best Of Sam & Dave,Funk/hip hop,Playlist track,USAT20004014
Nothing From Nothing,Billy Preston,The Kids & Me,Funk/hip hop,Playlist track,USUMG0000158
More Bounce to the Ounce,Zapp,Zapp,Funk/hip hop,Playlist track,USWB19900567
Yègellé Tezeta,Mulatu Astatke,New York - Addis - London: The Story of Ethio Jazz 1965-1975,Funk/hip hop,Playlist track,DEG930990134
Everything Is Everything,Booker T. Jones,The Road From Memphis (Deluxe Edition),Funk/hip hop,Playlist track,USEP41110006
Foolish Love,Monophonics,In Your Brain,Funk/hip hop,Playlist track,USUR41229910
Can You Get To That,Funkadelic,Maggot Brain,Funk/hip hop,Playlist track,US25X0588948
Brothers On The Slide,Cymande,Promised Heights,Funk/hip hop,Playlist track,GB8A91200027
Crawshay,Cymande,Second Time Round,Funk/hip hop,Playlist track,GB8A91200029
"Hold On, I'm Comin'",Sam & Dave,"Hold On, I'm Comin'",Funk/hip hop,Playlist track,USAT20001059
Soul Man,Sam & Dave,Soul Men,Funk/hip hop,Playlist track,USAT20001065
Let It Shine,Al Green,Full of Fire,Funk/hip hop,Playlist track,US2HK1443120
The Who Who Song (Nobody But My Sweet Baby),Jackie Wilson,The Ultimate Jackie Wilson,Funk/hip hop,Playlist track,USBWC0510062
Jeremiah Pucket,Eddie Fisher,Eddie Fisher And The Next One Hundred Years,Funk/hip hop,Playlist track,USUM70507255
Something For Nothing,Carl Douglas,Crazy Feeling,Funk/hip hop,Playlist track,GBBTV1401960
Funk In The Hole,Roy Ayers,Virgin Ubiquity II,Funk/hip hop,Playlist track,DEG930510099
The Champ,The Mohawks,The Champ,Funk/hip hop,Playlist track,USAT20201338
I Get Lifted,George McCrae,Rock Your Baby,Funk/hip hop,Playlist track,USRH10553740
I Got The... - 2006 Remaster,Labi Siffre,Remember My Song,Funk/hip hop,Playlist track,GBAYE0600067
Express Yourself - Remastered Version,Charles Wright & The Watts 103rd Street Rhythm Band,Express Yourself (Remastered & Expanded),Funk/hip hop,Playlist track,USWB10704285
More Bounce to the Ounce,Zapp,All The Greatest Hits,Funk/hip hop,Playlist track,USWB10938907
The Grunt,The J.B.'s,Food For Thought,Funk/hip hop,Playlist track,USUR10300124
Think (About It) - Single Version,Lyn Collins,The Best Of James Brown 20th CenturyThe Millennium Collection Vol. 3,Funk/hip hop,Playlist track,USF068625710
The Boss,James Brown,Black Caesar,Funk/hip hop,Playlist track,USPR37380050
Funky Drummer - Pt. 1 & 2,James Brown,In the Jungle Groove,Funk/hip hop,Playlist track,USUR10110674
Cramp Your Style,All The People,Miami Funk Volume 3,Funk/hip hop,Playlist track,USBEN0852501
Pusherman,Curtis Mayfield,Superfly: Deluxe 25th Anniversary Edition,Funk/hip hop,Playlist track,USRH10282848
Shining Star,"Earth, Wind & Fire",That's The Way Of The World,Funk/hip hop,Playlist track,USSM17400660
But It's Alright,J.J. Jackson,Best of Loma Records-Rise and Fall of a 1960's Soul Label,Funk/hip hop,Playlist track,USWB10106855
Summer Breeze,Ramsey Lewis,Solar Wind,Funk/hip hop,Playlist track,USSM11104648
When the Game Is Played on You - Single Version,Bettye Swann,The Complete Atlantic Recordings,Funk/hip hop,Playlist track,USAT20506516
Shoot Your Shot,Jr. Walker & The All Stars,Shotgun,Funk/hip hop,Playlist track,USMO16684693
I've Got That Feelin',Darrell Banks,Darrell Banks Is Here!,Funk/hip hop,Playlist track,USAT20110240
Apache,Incredible Bongo Band,40 Years of the Incredible Bongo Band,Funk/hip hop,Playlist track,FR4GL1040255
Cissy Strut,The Meters,The Meters,Funk/hip hop,Playlist track,USWB10403298
It's Just Begun,The Jimmy Castor Bunch,16 Slabs of Funk,Funk/hip hop,Playlist track,USRC17208340
Bra,Cymande,Cymande,Funk/hip hop,Playlist track,GB8A91200025
Hollywood Swinging,Kool & The Gang,Wild And Peaceful,Funk/hip hop,Playlist track,USIR20000632
Do It ('Til You're Satisfied),B.T. Express,Do It ('Til You're Satisfied),Funk/hip hop,Playlist track,QMFMG1580920
You Can't Turn Me Away,Sylvia Striplin,Late Night Tales: Another Late Night - Zero 7 (Remastered),Funk/hip hop,Playlist track,GBBCK7700198
I Like It,The Emotions,So I Can Love You / Untouched,Funk/hip hop,Playlist track,USFI86900283
Rock Steady,Aretha Franklin,The Very Best of Aretha Franklin - The 70's,Funk/hip hop,Playlist track,USAT20801196
"Bounce, Rock, Skate, Roll - Remastered",Vaughan Mason and Crew,"Bounce, Rock, Skate, Roll (Remastered)",Funk/hip hop,Playlist track,USZXT1100260
Heaven and Hell Is on Earth,20th Century Steel Band,Warm Heart Cold Steel,Funk/hip hop,Playlist track,GBAYE0902650
Before The Night Is Over,Joe Simon,Easy To Love/A Bad Case Of Love,Funk/hip hop,Playlist track,GBBHN0000099
Ready or Not Here I Come (Can't Hide from Love) - Remastered,The Delfonics,The Sound Of Sexy Soul,Funk/hip hop,Playlist track,USAR10100154
Tramp,Otis Redding,King & Queen,Funk/hip hop,Playlist track,USAT29901254
Pyramids (Change),Madlib,Beat Konducta Vol. 1-2: Movie Scenes,Funk/hip hop,Playlist track,US2S70633014
Stand Up (Some Things'll Never Change),Guru,"Jazzmatazz 4 The Hip Hop Jazz Messenger ""Back To The Future""",Funk/hip hop,Playlist track,USZ820700003
Don't Play,J-Live,The Best Part,Funk/hip hop,Playlist track,USUYG1029426
It Takes Two,Rob Base & DJ EZ Rock,It Takes Two,Funk/hip hop,Playlist track,USAR19800570
Ditty,Paper Boy,"West Coast Livin', Volume Three",Funk/hip hop,Playlist track,USUYG1034833
La Raza,Kid Frost,Hispanic Causing Panic,Funk/hip hop,Playlist track,USVI29000006
Just Another Day,Too $hort,Get In Where You Fit In,Funk/hip hop,Playlist track,USJI10300678
Coffee Cold,Galt MacDermot,Shapes of Rhythm/Woman Is Sweeter,Funk/hip hop,Playlist track,ushm20403133
Tearz (45 Mix),El Michels Affair,Tearz,Funk/hip hop,Playlist track,QZ2L61600040
Behold the Day (feat. Wayne Henderson),The Freedom Sounds,Soul Sound System (feat. Wayne Henderson),Funk/hip hop,Playlist track,USAT21304713
Soul Sound System (feat. Wayne Henderson),The Freedom Sounds,Soul Sound System (feat. Wayne Henderson),Funk/hip hop,Playlist track,USAT21304714
Hit Or Miss,Odetta,Odetta Sings,Funk/hip hop,Playlist track,USUR10301314
Big Chief - Remastered,Professor Longhair,Crawfish Fiesta (Remastered with Bonus Track),Funk/hip hop,Playlist track,USARL1271801
Shake Your Rump,Beastie Boys,Paul's Boutique,Funk/hip hop,Playlist track,USCA28900029
Egg Man,Beastie Boys,Paul's Boutique,Funk/hip hop,Playlist track,USCA28900047
Hey DJ,Worlds Famous Supreme Team,Hey DJ,Funk/hip hop,Playlist track,usx9p1349928
Check the Rhime (feat. ATCQ),J.PERIOD,The [Abstract] Best Vol. 1,Funk/hip hop,Playlist track,USZEG1100128
Award Tour (feat. ATCQ),J.PERIOD,The [Abstract] Best Vol. 1,Funk/hip hop,Playlist track,USZEG1100130
Scenario (Remix),J.PERIOD,The [Abstract] Best Vol. 1,Funk/hip hop,Playlist track,USZEG1100163
Merve Plays Vibes,The Bongolian,The Bongolian,Funk/hip hop,Playlist track,GBCGQ0100022
Be Easy,Sharon Jones & The Dap-Kings,"100 Days, 100 Nights",Funk/hip hop,Playlist track,US4GZ0701204
What Is Hip?,Tower Of Power,Tower Of Power,Funk/hip hop,Playlist track,USWB19901628
Back On the Streets Again,Tower Of Power,Vintage Groove,Funk/hip hop,Playlist track,USAT20103786
Da Art of Storytellin' (Pt. 1),OutKast,Aquemini,Funk/hip hop,Playlist track,USLF20200017
B.O.B. - Bombs Over Baghdad,OutKast,Stankonia,Funk/hip hop,Playlist track,USLF20000442
2 Tha Left,Dynamic Syncopation,Xen Cuts,Funk/hip hop,Playlist track,GBCFB0001520
The Place,DJ Format,If You Can't Join 'Em… Beat 'Em,Funk/hip hop,Playlist track,GBENL0400358
Sofa King (feat. MF DOOM),DANGERDOOM,The Mouse and The Mask (Bonus Version),Funk/hip hop,Playlist track,GBBPW0500114
Be My Lady,Dynamic Tints,Eccentric Soul: Twinight's Lunar Rotation,Funk/hip hop,Playlist track,USCW60613012
Can I Change My Mind,Tyrone Davis,The Ultimate Tyrone Davis,Funk/hip hop,Playlist track,USBWC0510011
Golden Rule,Charles Bradley,Daptone Summer Jams,Funk/hip hop,Playlist track,US4GZ1002203
Find Me Somebody - Single Version,Bobby Womack,Only In America: Atlantic Soul Classics,Funk/hip hop,Playlist track,USAT20201615
Luv Jones,Charles Bradley,Daptone Gold II,Funk/hip hop,Playlist track,US4GZ1503620
Funky Virginia,Sir Guy,Funky Virginia (feat. Rocking Cavaliers),Funk/hip hop,Playlist track,DELO20910696
Runaway People,Dyke & The Blazers,Dyke's Greatest Hits - The Complete Singles,Funk/hip hop,Playlist track,QMFMK1322016
Different Strokes - Original Cut,Syl Johnson,Syl Johnson with Melody Whittle (feat. Syleena Johnson),Funk/hip hop,Playlist track,QMJ6Q1300013
Let The Drums Speak,Fatback Band,Yum Yum,Funk/hip hop,Playlist track,GBBHN9200046
Need A Little Love,Breakestra,Dusk Till Dawn,Funk/hip hop,Playlist track,DEG930941007
Last Ride,Lee Fields & The Expressions,My World,Funk/hip hop,Playlist track,USA560952500
Hot Pants In The Summertime,The Dramatics,Whatcha See Is Whatcha Get [Stax Remasters],Funk/hip hop,Playlist track,USC4R1100181
Same Kind of Thing,Syl Johnson,The Complete Twinight Singles,Funk/hip hop,Playlist track,USCW61003247
Luscious Lady,Darondo,Listen To My Song: The Music City Sessions,Funk/hip hop,Playlist track,GBBHN1100091
I Just Dropped In To See What Condition My Condition Is In,Sharon Jones & The Dap-Kings,Daptone 7 Inch Singles Collection Vol. 2,Funk/hip hop,Playlist track,USA560776997
Soul Donkey,The Sugarman 3,Soul Donkey,Funk/hip hop,Playlist track,USA370653899
Step To My Girl,Souls Of Mischief,Hiero Oldies: Volume One,Funk/hip hop,Playlist track,US28M0410107
Make Your Mind Up,Souls Of Mischief,93 'til Infinity,Funk/hip hop,Playlist track,USJI10400411
What a Way to Go Out,Souls Of Mischief,93 'til Infinity,Funk/hip hop,Playlist track,USJI10400406
Ya Don't Stop,Souls Of Mischief,No Man's Land,Funk/hip hop,Playlist track,USJI10300849
Shooting Stars (feat. Opio),Souls Of Mischief,Focus,Funk/hip hop,Playlist track,US28M1010037
Can I Kick It?,A Tribe Called Quest,People's Instinctive Travels and the Paths of Rhythm (25th Anniversary Edition),Funk/hip hop,Playlist track,USJI10300400
We The People....,A Tribe Called Quest,We got it from Here... Thank You 4 Your service,Funk/hip hop,Playlist track,USSM11609280
The Space Program,A Tribe Called Quest,We got it from Here... Thank You 4 Your service,Funk/hip hop,Playlist track,USSM11609279
Dis Generation,A Tribe Called Quest,We got it from Here... Thank You 4 Your service,Funk/hip hop,Playlist track,USSM11609283
Luck of Lucien,A Tribe Called Quest,People's Instinctive Travels and the Paths of Rhythm (25th Anniversary Edition),Funk/hip hop,Playlist track,USJI19000006
Congestion,Devastation,Quantic Presents Worlds Rarest Funk 45s 2,Funk/hip hop,Playlist track,GBCTF0700034
New Generation,The Universals,Quantic Presents Worlds Rarest Funk 45s 2,Funk/hip hop,Playlist track,GBCTF0600024
Party,Abraham,Quantic Presents Worlds Rarest Funk 45s 2,Funk/hip hop,Playlist track,GBCTF0700035
Walking On The Moon,Reverend Jamel,Quantic Presents Worlds Rarest Funk 45s 2,Funk/hip hop,Playlist track,GBCTF0700036
I Miss You Baby (How I Miss You) - Single Version,Marv Johnson,"The Complete Motown Singles, Vol. 6: 1966",Funk/hip hop,Playlist track,USMO10200331
Everyone's A Winner,União Black,Banda União Black,Funk/hip hop,Playlist track,USA560626677
Straighten It Out,Pete Rock & C.L. Smooth,Mecca And The Soul Brother,Funk/hip hop,Playlist track,USEE10000144
Deee-Lite Theme,Deee-Lite,World Clique,Funk/hip hop,Playlist track,USEE10000584
"Genius Rap - 7"" Single Version",Dr. Jeckyll & Mr. Hyde,Giant Single: Profile Records Rap Anthology,Funk/hip hop,Playlist track,USAR19900065
Funky For You,Nice & Smooth,Nice & Smooth,Funk/hip hop,Playlist track,USPO11000079
It Was A Good Day - Remix,Ice Cube,Bootlegs And B-Sides,Funk/hip hop,Playlist track,USPO19450015
Give It Up,Public Enemy,Muse Sick-N-Hour Mess Age,Funk/hip hop,Playlist track,USDJ29400003
People Get Up And Drive Your Funky Soul - Remix,James Brown,Motherlode,Funk/hip hop,Playlist track,USUR10300488
Jungle Boogie,Kool & The Gang,The Ultimate Celebration,Funk/hip hop,Playlist track,USPR37308011
Mary Jane,Rick James,The Definitive Collection,Funk/hip hop,Playlist track,USMO17800017
Boogie Down - Single Version,Eddie Kendricks,True Disco (3 CD Set),Funk/hip hop,Playlist track,USMO17382639
It's Your Thing,The Isley Brothers,It's Your Thing: The Story Of The Isley Brothers,Funk/hip hop,Playlist track,USSM19803494
Yes We Can Can,The Pointer Sisters,Yes We Can Can,Funk/hip hop,Playlist track,USMC10001478
Holy Ghost,The Bar-Kays,Greatest Hits,Funk/hip hop,Playlist track,USN260810106
Cutie Pie,One Way,Cutie Pie,Funk/hip hop,Playlist track,USMC18112373
Superfly,Curtis Mayfield,Superfly (O.S.T.),Funk/hip hop,Playlist track,USRH10284929
Thank You (Falettinme Be Mice Elf Agin) - Single Version,Sly & The Family Stone,Greatest Hits,Funk/hip hop,Playlist track,USSM19901657
Ballero,War,Anthology 1970-1994,Funk/hip hop,Playlist track,USRHD0703057
Little Baby,Lee Dorsey,Soul Jazz Records Presents New Orleans Funk 3,Funk/hip hop,Playlist track,GBBCK1300486
Brown Sugar,Charles Wright & The Watts 103rd Street Rhythm Band,The Watts 103rd. St. Rhythm Band,Funk/hip hop,Playlist track,USWB10107559
Walking the Dog,Rufus Thomas,Walking The Dog,Funk/hip hop,Playlist track,USAT20001014
Cold Sweat,James Brown,Get On The Good Foot,Funk/hip hop,Playlist track,USPR37200031
I Cannot Make It,Sly & The Family Stone,A Whole New Thing,Funk/hip hop,Playlist track,USSM10022089
For the Love of Money,The O'Jays,Ship Ahoy (Expanded Edition),Funk/hip hop,Playlist track,USSM10112547
Hot Pants Road,Boogaloo Combo,Brazilian Beats 1 (Mr Bongo presents),Funk/hip hop,Playlist track,GBCLQ9900066
Keep The Beat,Eric B. & Rakim,Don't Sweat The Technique,Funk/hip hop,Playlist track,USMC19238044
Strictly Business,EPMD,Strictly Business,Funk/hip hop,Playlist track,USPO18800007
Jive Talk,The UMC's,Fruits Of Nature,Funk/hip hop,Playlist track,USZXT0810153
I Ain't No Joke,Eric B. & Rakim,Paid In Full,Funk/hip hop,Playlist track,USIR28700015
Time 4 Sumaksion,Redman,Whut? The Album,Funk/hip hop,Playlist track,USRL19200026
Give Me The Chance,Donnie & Joe Emerson,Dreamin' Wild,Funk/hip hop,Playlist track,USDEA1208202
Something For Nothing,MFSB,MFSB,Funk/hip hop,Playlist track,USSM19925320
Who Is She (And What Is She To You),Gladys Knight & The Pips,Neither One Of Us,Funk/hip hop,Playlist track,USMO10110429
Sunshine Men,Freestyle Fellowship,To Whom It May Concern,Funk/hip hop,Playlist track,USA370314701
"Tighten Up, Pt. 1",Archie Bell & The Drells,Tighten Up,Funk/hip hop,Playlist track,USAT20200064
Cavern,Liquid Liquid,Liquid Liquid,Funk/hip hop,Playlist track,GBAQH9501005
It's Nasty,Grandmaster Flash & The Furious Five,The Message,Funk/hip hop,Playlist track,USRH10450419
Hippy Skippy Moon Strut,The Mighty Show-stoppers,Hippy Skippy Moon Strut / Night of the Wolf,Funk/hip hop,Playlist track,GBJSH0572704
Family Affair,MFSB,MFSB,Funk/hip hop,Playlist track,USSM19805303
Jagger the Dagger,Eugene McDaniels,Headless Heroes of the Apocalypse,Funk/hip hop,Playlist track,USAT20200075
Osanha,QSTN,Favela,Funk/hip hop,Playlist track,QZ8LD1740280
He Was Really Sayin' Somethin',The Velvelettes,Motown Classics,Funk/hip hop,Playlist track,USMO16400468
Sarsaparilla,MF DOOM,"Metal Fingers Presents: Special Herbs, Vol. 7 and 8",Funk/hip hop,Playlist track,USHKR0916304
Hard Times,Baby Huey & The Baby Sitters,The Baby Huey Story: The Living Legend,Funk/hip hop,Playlist track,USRH10291712
"Louie, Louie",Willie Mitchell,On Top,Funk/hip hop,Playlist track,US2HK1442505
What Can You Bring Me,Charles Wright & The Watts 103rd Street Rhythm Band,You're So Beautiful,Funk/hip hop,Playlist track,USWB10500713
Avi-Vo - Remastered,Lafayette Afro Rock Band,Malik,Funk/hip hop,Playlist track,USQE11610256
Will It Go Round In Circles,Billy Preston,Ultimate Collection: Billy Preston,Funk/hip hop,Playlist track,USUMG0000142
Outa-Space,Billy Preston,I Wrote A Simple Song,Funk/hip hop,Playlist track,USAM17200600
Hideaway,Willie Mitchell,Solid Soul,Funk/hip hop,Playlist track,US2HK1336211
What You See Is What You're Gonna Get,Brenda George,Wanted Soul: From Diggers to Music Lovers,Funk/hip hop,Playlist track,GB03A0922526
Getting Nasty,Ike Turner & The Kings Of Rhythm,A Black Man's Soul,Funk/hip hop,Playlist track,QMZ961119580
Acid Lady,San Francisco TKO's,Bay Area Funk II,Funk/hip hop,Playlist track,USLNH0605006
Hip Breakin,Little Denise Stevenson,Bay Area Funk II,Funk/hip hop,Playlist track,USLNH0605010
Brute Strength,Mike Selesia,Bay Area Funk II,Funk/hip hop,Playlist track,USLNH0605015
Bay Area Blues,Albert King,Roadhouse Blues,Funk/hip hop,Playlist track,USFI87100426
Hang Up Your Hang Ups,Herbie Hancock,Man-Child,Funk/hip hop,Playlist track,USSM19916350
Fakin The Funk,Main Source,WIld Pitch Classics,Funk/hip hop,Playlist track,USZXT0809879
Who Makes The Loot?,The Brand New Heavies,Heavy Rhyme Experience: Vol. 1,Funk/hip hop,Playlist track,USA370507740
Night Lights - Instrumental,Time Machine,Slow Your Roll Instrumentals,Funk/hip hop,Playlist track,US4J30710054
The Sad Chicken,Leroy,Cold Heat,Funk/hip hop,Playlist track,US2S70517016
Boogie Shoes,KC & The Sunshine Band,KC & the Sunshine Band... and More,Funk/hip hop,Playlist track,USRH10175349
Night Theme,The Sound Stylistics,Play Deep Funk,Funk/hip hop,Playlist track,GBJSH0721809
Shaolin Brew,El Michels Affair,Return to the 37th Chamber,Funk/hip hop,Playlist track,QZ2L61600044
The Guidelines,Mumbles,A Book of Human Beats,Funk/hip hop,Playlist track,US66P0510002
Criminology,El Michels Affair,Enter The 37th Chamber,Funk/hip hop,Playlist track,US6680912709
Ike's Mood I,Visioneers,Dirty Old Hip Hop,Funk/hip hop,Playlist track,GBEQT0597030
The Force,Aim,Cold Water Music,Funk/hip hop,Playlist track,GBKNX0700050
Funky Fanfare - mixed,Visioneers,Hipology,Funk/hip hop,Playlist track,GB3SM1200019
Foodstamps,24 Carat Black,Ghetto: Misfortune's Wealth,Funk/hip hop,Playlist track,USC4R1706135
Play That Funky Music,Dan Boadi,Real Sound Of Chicago And Beyond,Funk/hip hop,Playlist track,GBEQT1002607
So Dam Funky,Hot Chocolate,I Travel Alone,Funk/hip hop,Playlist track,USCW61204208
High Life,Connie Price & The Keystones,Tell Me Something,Funk/hip hop,Playlist track,USUR40821703
Black Olives,The BadBoys,60s Instrumental Hits,Funk/hip hop,Playlist track,USA371020753
You Made a New Man Out of Me,Johnny Adams,New Orleans Soul 60's,Funk/hip hop,Playlist track,US3U50500602
Nappy Heads - Remix,Fugees,Blunted On Reality,Funk/hip hop,Playlist track,USSM10027188
Perverted Undertone,Prefuse 73,One Word Extinguisher,Funk/hip hop,Playlist track,GBBPW0300016
Plunken Em,People Under The Stairs,...Or Stay Tuned,Funk/hip hop,Playlist track,USOM80313702
Say,Method Man,4:21...The Day After,Funk/hip hop,Playlist track,USUM70603183
Right On For The Darkness,Willie Wright,Telling The Truth,Funk/hip hop,Playlist track,USCW61103811
Thinking Black,Ike Turner & The Kings Of Rhythm,A Black Man's Soul,Funk/hip hop,Playlist track,QMZ961119575
Nobody but You Babe,Clarence Reid,Dancin' With Nobody But You Babe,Funk/hip hop,Playlist track,USAT20301532
No Way Out,Clarence Reid,Eccentric Soul: The Outskirts Of Deep City,Funk/hip hop,Playlist track,USCW60701702
Mr. Lucky,Betty Wright,Eccentric Soul: The Outskirts Of Deep City,Funk/hip hop,Playlist track,USCW60701704
Do Your Stuff,Perk Badger,Eccentric Soul: The Outskirts Of Deep City,Funk/hip hop,Playlist track,USCW60701711
I Get My Kicks,Clarence Reid,"Feeling Nice, Vol. 3",Funk/hip hop,Playlist track,DELO20910804
Breaking Out,Walt Bolen,"Feeling Nice, Vol. 3",Funk/hip hop,Playlist track,DELO20910812
Let's Ride,Q-Tip,Amplified,Funk/hip hop,Playlist track,USAR19900509
Music (feat. Marvin Gaye),Erick Sermon,Music,Funk/hip hop,Playlist track,USJAY0100315
Brand Nubian - 2006 Remastered Version,Brand Nubian,The Very Best Of Brand Nubian,Funk/hip hop,Playlist track,USEE10609040
Crazy Legs,The Soul Tornados,The Complete Recordings,Funk/hip hop,Playlist track,GBCTF0500005
Soul & Sunshine,Harvey & The Phenomenals,Midwest Funk,Funk/hip hop,Playlist track,GBCTF0400028
Save Me,Wanda Davis,Midwest Funk,Funk/hip hop,Playlist track,GBCTF0400031
Soulful Proclamation,Messengers Incorporated,Midwest Funk,Funk/hip hop,Playlist track,GBCTF0400038
New Generation,The Universals,Florida Funk,Funk/hip hop,Playlist track,GBCTF0600024
It's Gonna Be A Mess Pt. II,The Mighty Dogcatchers,Florida Funk,Funk/hip hop,Playlist track,GBCTF0600028
Soul Food,Frankie Seay,Florida Funk,Funk/hip hop,Playlist track,GBCTF0600037
That's How We Move It,Grand Puba,Reel to Reel,Funk/hip hop,Playlist track,USEE19200071
Party Time,Roy Porter,California Soul,Funk/hip hop,Playlist track,USLNH0303906
Where Do We Go from Here,Cool Sounds,California Soul,Funk/hip hop,Playlist track,USLNH0303908
Feelin' Alright,West Coast Revival,California Soul,Funk/hip hop,Playlist track,USLNH0303909
Wobble Cha,Cool Benny,California Soul,Funk/hip hop,Playlist track,USLNH0303910
Double Determination,Liz McCall,Creative Musicians 2,Funk/hip hop,Playlist track,DEZ790400115
Medley: Get Ready / Uptight,Little Eva Harris,The World Needs Changing,Funk/hip hop,Playlist track,GBBHN9500034
Motherless Child,Harmonica Paul,"Movements, Vol. 2",Funk/hip hop,Playlist track,DEZ790400192
Our Generation (Re-Edit) [feat. Ernie Hines],DJ Nu-Mark,Broken Sunlight,Funk/hip hop,Playlist track,USFZH1200040
Seven Minutes Of Funk,The Whole Darn Family,The Whole Darn Family Has Arrived,Funk/hip hop,Playlist track,USAR40735004
You Can't Turn Me Away - Mixed,Sylvia Striplin,DJ-Kicks (Kerri Chandler) [Mixed Tracks],Funk/hip hop,Playlist track,DEG931791934
"""T"" Plays It Cool - Soundtrack Version",Marvin Gaye,Trouble Man: 40th Anniversary Expanded Edition,Funk/hip hop,Playlist track,USMO17200010
As Long As I've Got You,The Charmels,The Spirit Of Memphis (1962-1976),Funk/hip hop,Playlist track,USAT20004011
Money I$ King,Lee Fields & The Expressions,My World,Funk/hip hop,Playlist track,USA560952493
"Bad, Bad, Simba",O'Donel Levy,Hands of Fire,Funk/hip hop,Playlist track,CAU111401972
I Got Love,Charles Wright & The Watts 103rd Street Rhythm Band,Express Yourself,Funk/hip hop,Playlist track,USWB17000021
Light My Fire,Young-Holt Unlimited,The Definitive Young-Holt Unlimited,Funk/hip hop,Playlist track,USBWC0410025
Express Yourself,Charles Wright & The Watts 103rd Street Rhythm Band,Express Yourself,Funk/hip hop,Playlist track,USWB17000001
99 Pounds,Ann Peebles,Straight from the Heart,Funk/hip hop,Playlist track,US2HK1341009
(It's Not The Express) It's The J.B.'s Monaurail - Pts. 1 & 2 / Single Version,The J.B.'s,Hustle With Speed,Funk/hip hop,Playlist track,USPR37502619
Pick Up the Pieces,Average White Band,AWB,Funk/hip hop,Playlist track,USAT20106483
Get Up Offa That Thing,James Brown,20 All-Time Greatest Hits!,Funk/hip hop,Playlist track,USF067625010
Higher Ground,Stevie Wonder,Innervisions,Funk/hip hop,Playlist track,USMO17382652
Just Kissed My Baby,The Meters,Rejuvenation,Funk/hip hop,Playlist track,USRH10130759
Tighten Up,The Bamboos,Step It Up,Funk/hip hop,Playlist track,GBEUE0500326
Evolution,Magnum,Fully Loaded,Funk/hip hop,Playlist track,USJRC0401501
Rudy's Intervention,The Sugarman 3,What The World Needs Now,Funk/hip hop,Playlist track,US4GZ1002601
It's a New Day,Skull Snaps,Skull Snaps (Remastered),Funk/hip hop,Playlist track,AU3O01100588
Little Baby,Lee Dorsey,New Orleans Funk 3,Funk/hip hop,Playlist track,GBBCK1300486
Dap Walk,"Ernie and The Top Notes, Inc.",The Kolab Kollection (Ernie Vincent Presents),Funk/hip hop,Playlist track,USXJ21000001
Wu Tang Clan Ain't Nuthing ta F' Wit,El Michels Affair,Return to the 37th Chamber,Funk/hip hop,Playlist track,QZ2L61600041
Keep On Looking (Kenny Dope Remix),Sharon Jones,Soulshaker Vol. 5,Funk/hip hop,Playlist track,ITG580800055
No Luck To Run,Zamali,Soulshaker Vol. 5,Funk/hip hop,Playlist track,ITG580800056
Hip Hug-Her,Booker T. & the M.G.'s,Hip Hug-Her,Funk/hip hop,Playlist track,USAT29901246
Boot-Leg,Booker T. & the M.G.'s,The Best Of...,Funk/hip hop,Playlist track,USAT10003850
L.A. Jazz Song,Booker T. & the M.G.'s,Melting Pot,Funk/hip hop,Playlist track,USFI87100047
Super Funk,Vern Blair Debate,Texas Funk,Funk/hip hop,Playlist track,GBCTF0200010
Fried Neck Bones And Some Home Fries - Dan The Automator Remix,Willie Bobo,Verve Remixed 2,Funk/hip hop,Playlist track,USGR10300562
X-Files,Del The Funky Homosapien,Future Development,Funk/hip hop,Playlist track,US28M0410006
Stress The World,Del The Funky Homosapien,Future Development,Funk/hip hop,Playlist track,US28M0410010
Why You Wanna Get Funky...,Del The Funky Homosapien,Future Development,Funk/hip hop,Playlist track,US28M0410009
Memory Loss,Deltron 3030,Deltron 3030 - The Instrumentals,Funk/hip hop,Playlist track,US25T0892621
Ostinato Bass,René Costy,Funky Chicken: Belgian Grooves From The 70's,Funk/hip hop,Playlist track,BEN581400120
Balek,Placebo,Funky Chicken: Belgian Grooves From The 70's,Funk/hip hop,Playlist track,BEC420600001
Humpty Dumpty,Placebo,Funky Chicken: Belgian Grooves From The 70's,Funk/hip hop,Playlist track,BEC420600002
Magic Mountain,Eric Burdon,Love Is All Around,Funk/hip hop,Playlist track,USRHD0702950
Bold Soul Sister,Ike & Tina Turner,Sing The Blues,Funk/hip hop,Playlist track,GBSUW0725671
Appreciate - Main,Pete Rock,BBE15 - 15 Years Of Real Music For Real People - Compiled And Mixed By Chris Read,Funk/hip hop,Playlist track,DEG930310370
Unwind Yourself,Marva Whitney,James Brown's Original Funky Divas,Funk/hip hop,Playlist track,USWWW0139523
Strawberry Letter 23,The Brothers Johnson,Strawberry Letter 23/The Very Best Of The Brothers Johnson,Funk/hip hop,Playlist track,USAM17700852
Shining Star,"Earth, Wind & Fire",Greatest Hits,Funk/hip hop,Playlist track,USSM19803681
Come on Back,The Brothers Of Soul,I Guess That Don't Make Me a Loser,Funk/hip hop,Playlist track,USLN70813021
A Million and One Things To Do - Instrumental,Time Machine,Slow Your Roll Instrumentals,Funk/hip hop,Playlist track,US4J30710045
Won't Trade,Q-Tip,The Renaissance,Funk/hip hop,Playlist track,USUM70840208
Passing Me By - Roche Remix,The Pharcyde,Solos In Stereo,Funk/hip hop,Playlist track,USHGW0710009
The Mexican - 2007 Remaster,Babe Ruth,First Base,Funk/hip hop,Playlist track,GBAYE0802105
Word from the Wise,Poor Righteous Teachers,The Essential Poor Righteous Teachers,Funk/hip hop,Playlist track,USAR10500512
Respect,Aretha Franklin,Definitive Soul: Aretha Franklin,Funk/hip hop,Playlist track,USAT29902241
Rock Steady,Aretha Franklin,Aretha Franklin,Funk/hip hop,Playlist track,DEBL61069894
I Got You (I Feel Good),James Brown,Golden Moments,Funk/hip hop,Playlist track,USF066500010
Night Train,James Brown,The Greatest Hits,Funk/hip hop,Playlist track,DELM41207490
Walk Into Space - Space Jam Instrumental,Mo' Horizons,Lost Tapes,Funk/hip hop,Playlist track,DEEQ70500005
Don't Bring Me Down,Mo' Horizons,10 years of... The Remixes,Funk/hip hop,Playlist track,DEEQ70800017
Southern Fried Funky Lovesong,Mo' Horizons,Sunshine Today,Funk/hip hop,Playlist track,DEEQ70700011
Swan Lake,Blackalicious,Melodica,Funk/hip hop,Playlist track,USA2P1212008
Just To Get A Rep,Gang Starr,Step In The Arena,Funk/hip hop,Playlist track,USCH39000003
Buggin' Out,A Tribe Called Quest,The Low End Theory,Funk/hip hop,Playlist track,USJI19100001
Who Got Da Props,Black Moon,Enta da Stage,Funk/hip hop,Playlist track,USNRS0020120
Check the Rhime,A Tribe Called Quest,The Low End Theory,Funk/hip hop,Playlist track,USJI19100005
Memory Lane (Sittin' in da Park),Nas,Illmatic,Funk/hip hop,Playlist track,USSM10020293
St. Louis Breakdown,Oliver Sain St. Louis Breakdown,St. Louis Breakdown - The Best of Oliver Sain,Funk/hip hop,Playlist track,USDYP0910121
Coffin Nails,MF DOOM,"Metal Fingers Presents: Special Herbs, The Box Set Vol. 0 - 9",Funk/hip hop,Playlist track,USHKR0912023
Groovin',Willie Mitchell,Solid Soul,Funk/hip hop,Playlist track,US2HK1336206
Funky,The Chambers Brothers,The Chambers' Brothers Greatest Hits,Funk/hip hop,Playlist track,USSM19917170
There Was A Time - Kenny Dope Remix,James Brown & The Famous Flames,Verve Remixed 4,Funk/hip hop,Playlist track,USUM70811349
Evil Ways - Karriem Riggins Remix,Willie Bobo,Verve Remixed 4,Funk/hip hop,Playlist track,USUM70811438
The Only One,Danger Mouse,Ghetto Pop Life,Funk/hip hop,Playlist track,GBBPW0300048
Deep Fried Frenz,MF DOOM,MM...FOOD,Funk/hip hop,Playlist track,USBWK0700041
A To G,Blackalicious,Nia,Funk/hip hop,Playlist track,US2P20410421
Good Times Roll Pt. 2,RJD2,Deadringer: Deluxe,Funk/hip hop,Playlist track,USA4T0403504
Ghetto Pop Life,Danger Mouse,Ghetto Pop Life,Funk/hip hop,Playlist track,GBBPW0300045
Get Down,Nas,God's Son,Funk/hip hop,Playlist track,USSM10213451
It Ain't Hard to Tell,Nas,Illmatic,Funk/hip hop,Playlist track,USSM10022813
Halftime,Nas,Illmatic,Funk/hip hop,Playlist track,USSM10025029
Root Down (And Get It) - Live,Jimmy Smith,Root Down,Funk/hip hop,Playlist track,USGR10000609
Groove Grease,Jimmy McGriff,Groove Grease,Funk/hip hop,Playlist track,US25T0613091
Aftershower Funk,Joe Bataan,Anthology,Funk/hip hop,Playlist track,USSA40658929
Aural Pleasure,Blackalicious,Blazing Arrow,Funk/hip hop,Playlist track,USMC10200275
High As Hell,Keith Murray,It's A Beautiful Thing,Funk/hip hop,Playlist track,USJI19910494
Tomahawk,Speedometer,Downtown Funk 74,Funk/hip hop,Playlist track,GBBGL1604180
Who's the Daddy Now,Speedometer,Downtown Funk 74,Funk/hip hop,Playlist track,GBBGL1604181
Am I Your Woman? featuring Ria Currie,Speedometer,Four Flights Up,Funk/hip hop,Playlist track,GBJSH0722405
The Message,Cymande,Cymande,Funk/hip hop,Playlist track,GB8A91200044
Codeword For A Change,All Good Funk Alliance,Social Comment (feat. Swamburger Alexandrah),Funk/hip hop,Playlist track,USEKZ0600002
Leave It Alone,Richie Cunning,1906,Funk/hip hop,Playlist track,QM4DW1554308
Boss of the Building,VisualEyez the Poet,N.C.R Northern California Renaissance,Funk/hip hop,Playlist track,TCACS1671385
Excursions,A Tribe Called Quest,The Low End Theory,Funk/hip hop,Playlist track,USJI10300150
Fried Neck Bones And Some Home Fries,Willie Bobo,Uno Dos Tres 1-2-3,Funk/hip hop,Playlist track,USPR36600045
I Believe In Miracles - Extended Version,Jackson Sisters,The Collection,Funk/hip hop,Playlist track,USUR10110677
Beat Me Till I'm Blue,The Mohawks,The Champ,Funk/hip hop,Playlist track,GBBGL6900051
The World Is Yours,Nas,Illmatic XX,Funk/hip hop,Playlist track,USSM10022814
Superstition - Single Version,Stevie Wonder,The Definitive Collection,Funk/hip hop,Playlist track,USMO10000310
Put It On,Big L,Lifestylez Ov Da Poor & Dangerous,Funk/hip hop,Playlist track,USSM10022977
Mr. Big Stuff,Jean Knight,Mr. Big Stuff,Funk/hip hop,Playlist track,USFI87100077
Bustin' Loose,Chuck Brown and the Soul Searchers,Bustin' Loose,Funk/hip hop,Playlist track,USSCO0600002
Atomic Dog,George Clinton,Computer Games,Funk/hip hop,Playlist track,USCA29000620
Groove Me,King Floyd,Choice Cuts,Funk/hip hop,Playlist track,USWR50428155
You Dropped A Bomb On Me,The Gap Band,The Gap Band IV,Funk/hip hop,Playlist track,USPR38200006
Dance to the Music,Sly & The Family Stone,Dance To The Music,Funk/hip hop,Playlist track,USSM19602683
Papa's Got A Brand New Bag,James Brown,20 All-Time Greatest Hits!,Funk/hip hop,Playlist track,USPG16590033
Good Times,CHIC,Risqué,Funk/hip hop,Playlist track,USAT20001676
Mass Appeal,Gang Starr,Hard To Earn,Funk/hip hop,Playlist track,USCH39400036
The Jam,Graham Central Station,Ain't No 'Bout-A-Doubt It,Funk/hip hop,Playlist track,USWB11000170
Funky Stuff,Kool & The Gang,Wild And Peaceful,Funk/hip hop,Playlist track,USPR37307133
Right Place Wrong Time,Dr. John,In The Right Place,Funk/hip hop,Playlist track,USAT20001805
Dazz - Dazz Disco Mix,Brick,Good High (Expanded Edition),Funk/hip hop,Playlist track,USSM17600017
Get Down Tonight - 2004 Remaster,KC & The Sunshine Band,KC & the Sunshine Band,Funk/hip hop,Playlist track,GBAYE0400453
I Get Lifted,George McCrae,Let's Dance,Funk/hip hop,Playlist track,DEA310803571
The People Tree,N.A.S.A.,The Spirit Of Apollo,Funk/hip hop,Playlist track,USEP40821102
All About The Music,Z-Trip,Shifting Gears (Explicit Version),Funk/hip hop,Playlist track,USHR10521457
Juice (Know The Ledge) - Main Mix,Eric B. & Rakim,Gold,Funk/hip hop,Playlist track,USMC19137360
A Long Hot Summer (feat. Se'Divine Price),Worlds Famous Supreme Team,Goin' Out With A Bang,Funk/hip hop,Playlist track,ushm91086756
Dazz - Single Version,Brick,Super Hits,Funk/hip hop,Playlist track,USSM19501967
Our Generation,Ernie Hines,Electrified,Funk/hip hop,Playlist track,USFI87003184
Bobby's Mood,The Soul Tornados,The Complete Recordings,Funk/hip hop,Playlist track,GBCTF0500006
Passin' Me By - Instrumental,The Pharcyde,Bizarre Ride II The Pharcyde (Deluxe Edition),Funk/hip hop,Playlist track,US3DF1209539
Runnin' - Instrumental,The Pharcyde,Labcabincalifornia (Deluxe Edition),Funk/hip hop,Playlist track,USDE10701235
Fall In Love - Instrumental,Slum Village,"Fantastic, Vol.2: Vinyl Instrumentals",Funk/hip hop,Playlist track,USBCE1100017
Got to Be a Love (with Quantic & Sharon Jones) [Paul Nice Remix],Greyboy,Soul Mosaic,Funk/hip hop,Playlist track,USUR40414416
Got to Be a Love (with Quantic & Sharon Jones),Greyboy,Soul Mosaic,Funk/hip hop,Playlist track,USUR40414409
Westbound Train,Quantic,Death of the Revolution,Funk/hip hop,Playlist track,GBEUE0800920
Daylight,RAMP,Come Into Knowledge,Funk/hip hop,Playlist track,USMC10400104
Grazing In The Grass,Hugh Masekela,The Promise Of A Future,Funk/hip hop,Playlist track,USMC16846473
Can't Help This Feeling,The Herbaliser,Same As It Never Was,Funk/hip hop,Playlist track,DEG930800721
The Ace of Space,Sola Rosa,Get It Together (Deluxe Edition),Funk/hip hop,Playlist track,NZRN00800010
Theme from Dave Allen,Skeewiff,Cruise Control,Funk/hip hop,Playlist track,GBFBC0200049
Cruise Control,Skeewiff,Cruise Control,Funk/hip hop,Playlist track,GBFBC0200045
Nowhere To Run,Martha Reeves & The Vandellas,Dance Party & Watchout!,Funk/hip hop,Playlist track,USMO10200170
Shotgun,Jr. Walker & The All Stars,Shotgun,Funk/hip hop,Playlist track,USMO16500007
Uptight (Everything's Alright),Stevie Wonder,Up-Tight,Funk/hip hop,Playlist track,USMO16500487
Nautilus (Hijacked),Breakdown Brass,Harrow B/w Nautilus (Hijacked),Funk/hip hop,Playlist track,QMPKX1658068
Light My Fire,Jackie Wilson,Do Your Thing,Funk/hip hop,Playlist track,GBBPJ9800440
"Shook Ones, Pt. II",Mobb Deep,The Infamous,Funk/hip hop,Playlist track,USRC19401295
Get Up (I Feel Like Being A) Sex Machine - Pt. 1 & 2,James Brown,20 All-Time Greatest Hits!,Funk/hip hop,Playlist track,USPR37007124
Got To Give It Up - Pt. 1,Marvin Gaye,Every Great Motown Hit Of Marvin Gaye,Funk/hip hop,Playlist track,USMO17790023
Award Tour,A Tribe Called Quest,Midnight Marauders,Funk/hip hop,Playlist track,USJI10300405
Family Affair - Single Version,Sly & The Family Stone,There's a Riot Goin' On,Funk/hip hop,Playlist track,USSM17100398
Uzi (Pinky Ring),El Michels Affair,Enter The 37th Chamber,Funk/hip hop,Playlist track,US6680912705
Ain't No Half-Steppin',Big Daddy Kane,Long Live The Kane,Funk/hip hop,Playlist track,USWB10100010
Flava in Ya Ear,Craig Mack,Project: Funk Da World,Funk/hip hop,Playlist track,USBB40581290
Loungin',Guru,Jazzmatazz Volume 1,Funk/hip hop,Playlist track,USCH39300067
I Juswanna Chill,Large Professor,The LP,Funk/hip hop,Playlist track,USL5R0800703
Paid In Full,Eric B. & Rakim,Paid In Full,Funk/hip hop,Playlist track,USIR28700020
Luchini AKA This Is It,Camp Lo,Uptown Saturday Night,Funk/hip hop,Playlist track,USAR19700492
Out Of Sight - Single Version,James Brown,Out Of Sight,Funk/hip hop,Playlist track,USF066400010
Lay Lady Lay,David T. Walker,Strange Breaks & Mr Thing 3,Funk/hip hop,Playlist track,GBEQT1300319
Singles Party,Greyboy,Freestylin',Funk/hip hop,Playlist track,USUR40300303
The Sound You Hear,The Wiseguys,Executive Suite,Funk/hip hop,Playlist track,GBCFC9600047
We Be The Crew,The Wiseguys,The Antidote,Funk/hip hop,Playlist track,GBCFC9800071
Too Easy,The Wiseguys,Executive Suite,Funk/hip hop,Playlist track,GBCFC9500035
The Turning Point,DJ Format,If You Can't Join 'Em… Beat 'Em,Funk/hip hop,Playlist track,GBENL0400355
La Californie,Souleance,La Beat Tape,Funk/hip hop,Playlist track,GBMCZ0600660
Jungle Fever,Bacao Rhythm & Steel Band,55,Funk/hip hop,Playlist track,QZ2L61600005
Mr. Fortune (feat. The Mighty Pope),The Hitchikers,Funk for the People,Funk/hip hop,Playlist track,CHD401800028
Get Up And Get Down,The Dramatics,The Best Of The Dramatics,Funk/hip hop,Playlist track,USFI87100018
Your Love Was Strange,The Dramatics,The Very Best Of The Dramatics,Funk/hip hop,Playlist track,USFI80700431
Push,Pharoahe Monch,Desire,Funk/hip hop,Playlist track,USUM70607798
Give It Up,Lee Dorsey,The New Lee Dorsey,Funk/hip hop,Playlist track,USAR10401064
The Crew,FDEL,Audiofdelity,Funk/hip hop,Playlist track,GBJSH0621509
Pink Cookies In A Plastic Bag Getting Crushed By Buildings,LL Cool J,14 Shots To The Dome,Funk/hip hop,Playlist track,USDJ29300005
Today's Your Day (Wachagonedu?),Fatlip,The Loneliest Punk,Funk/hip hop,Playlist track,USDE10501235
How U Get a Record Deal?,Big Daddy Kane,Looks Like A Job For...,Funk/hip hop,Playlist track,USRE11100340
Another Victory,Big Daddy Kane,It's A Big Daddy Thing,Funk/hip hop,Playlist track,USRE10000024
Who's Got The Bacon?,Howie B.,Turn The Dark Off,Funk/hip hop,Playlist track,GBAKW9700319
I Know Didn't I (feat. Darondo),Slimkid 3,Slimkid3 & DJ Nu-Mark,Funk/hip hop,Playlist track,US25X1086500
California Soul,Marlena Shaw,The Spice Of Life,Funk/hip hop,Playlist track,USMC10300507
Ain’t Right,Brian Witzig,The Iron Horse,Funk/hip hop,Playlist track,ushm90819832
Godzilla Or Gamera (feat. Del The Funky Homosapien & Murs),Slimkid 3,Slimkid3 & DJ Nu-Mark,Funk/hip hop,Playlist track,US25X1086534
Blind Alley,The Emotions,Stax: The Soul Of Hip-Hop,Funk/hip hop,Playlist track,USFI87100275
Get Up And Get Down,The Dramatics,Stax: The Soul Of Hip-Hop,Funk/hip hop,Playlist track,USFI87100018
As Long As I've Got You,Charmels,Stax: The Soul Of Hip-Hop,Funk/hip hop,Playlist track,USAT20004011
Right On,Clarence Wheeler,Doin' What We Wanna,Funk/hip hop,Playlist track,USAT20505627
Love's Supposed to Be,The Allergies,As We Do Our Thing,Funk/hip hop,Playlist track,GBFBC1501356
Groove Holmes - Remastered 2009,Beastie Boys,Check Your Head,Funk/hip hop,Playlist track,USCA20900115
In 3's - Remastered 2009,Beastie Boys,Check Your Head,Funk/hip hop,Playlist track,USCA20900119
B-Boy Blue,Dr Rubberfunk,The First Cut,Funk/hip hop,Playlist track,GBEFR0500575
Shut Em Down,Brownout,Fear Of A Brown Planet,Funk/hip hop,Playlist track,US6680915294
Zealots,Fugees,The Score,Funk/hip hop,Playlist track,USSM19600052
Express Yourself - Mono; Single Version,Charles Wright & The Watts 103rd Street Rhythm Band,Express Yourself (Remastered & Expanded),Funk/hip hop,Playlist track,USWB10704291
What More Can I Say,Niko Soprano,Beat Power,Funk/hip hop,Playlist track,DEGC61100752
Found a Child,Ballin' Jack,Ballin' Jack,Funk/hip hop,Playlist track,USSM11101417
